,Time,Fre_SG_Hz,Fre_GFM_Hz,Fre_GFL_Hz,Po_SG_MVA,Po_GFM_MVA,Po_GFL_MVA,Total_MVA,Vo_SG_PU,Vo_GFM_PU,Vo_GFL_PU,SCL_SG_MVA,SCL_GFM_MVA,SCL_GFL_MVA
0,19.976,50.0,50.0,50.0,123.0,69.0,-20.0,172.0,0.991,1.0,1.0,49.0,22.0,24.0
1,19.986,50.0,50.0,50.0,123.0,69.0,-20.0,173.0,0.991,1.0,1.0,49.0,22.0,24.0
2,19.996,50.0,50.0,50.0,123.0,69.0,-20.0,172.0,0.991,1.0,1.0,49.0,22.0,24.0
3,20.016,50.0,50.0,50.0,122.0,69.0,-20.0,172.0,0.991,1.0,1.0,49.0,22.0,24.0
4,20.026,50.0,50.0,50.0,123.0,69.0,-20.0,173.0,0.991,1.0,1.0,49.0,22.0,24.0
5,20.036,50.0,50.0,50.0,122.0,69.0,-20.0,172.0,0.991,1.0,1.0,49.0,22.0,24.0
6,20.046,50.0,50.0,50.0,123.0,69.0,-20.0,173.0,0.991,1.0,1.0,49.0,22.0,24.0
7,20.056,50.0,50.0,50.0,122.0,69.0,-20.0,172.0,0.991,1.0,1.0,49.0,22.0,24.0
8,20.066,50.0,50.0,50.0,123.0,69.0,-20.0,173.0,0.991,1.0,1.0,49.0,22.0,24.0
9,20.076,50.0,50.0,50.0,122.0,69.0,-20.0,172.0,0.991,1.0,1.0,49.0,22.0,24.0
10,20.086,50.0,50.0,50.0,123.0,69.0,-20.0,173.0,0.991,1.0,1.0,49.0,22.0,24.0
11,20.096,50.0,50.0,50.0,122.0,69.0,-20.0,172.0,0.991,1.0,1.0,49.0,22.0,24.0
12,20.116,50.0,50.0,50.0,122.0,69.0,-20.0,172.0,0.991,1.0,1.0,49.0,22.0,24.0
13,20.126,50.0,50.0,50.0,123.0,69.0,-20.0,173.0,0.991,1.0,1.0,49.0,22.0,24.0
14,20.136,50.0,50.0,50.0,122.0,69.0,-20.0,172.0,0.991,1.0,1.0,49.0,22.0,24.0
15,20.146,50.0,50.0,50.0,123.0,69.0,-20.0,173.0,0.991,1.0,1.0,49.0,22.0,24.0
16,20.156,50.0,50.0,50.0,122.0,69.0,-20.0,172.0,0.991,1.0,1.0,49.0,22.0,24.0
17,20.166,50.0,50.0,50.0,123.0,69.0,-20.0,173.0,0.991,1.0,1.0,49.0,22.0,24.0
18,20.176,50.0,50.0,50.0,122.0,69.0,-20.0,172.0,0.991,1.0,1.0,49.0,22.0,24.0
19,20.186,50.0,50.0,50.0,123.0,69.0,-20.0,173.0,0.991,1.0,1.0,49.0,22.0,24.0
20,20.196,50.0,50.0,50.0,122.0,69.0,-20.0,172.0,0.991,1.0,1.0,49.0,22.0,24.0
21,20.216,50.0,50.0,50.0,122.0,69.0,-20.0,172.0,0.991,1.0,1.0,49.0,22.0,24.0
22,20.226,50.0,50.0,50.0,123.0,69.0,-20.0,173.0,0.991,1.0,1.0,49.0,22.0,24.0
23,20.236,50.0,50.0,50.0,122.0,69.0,-20.0,172.0,0.991,1.0,1.0,49.0,22.0,24.0
24,20.246,50.0,50.0,50.0,123.0,69.0,-20.0,173.0,0.991,1.0,1.0,49.0,22.0,24.0
25,20.256,50.0,50.0,50.0,122.0,69.0,-20.0,172.0,0.991,1.0,1.0,49.0,22.0,24.0
26,20.266,50.0,50.0,50.0,123.0,69.0,-20.0,173.0,0.991,1.0,1.0,49.0,22.0,24.0
27,20.276,50.0,50.0,50.0,122.0,69.0,-20.0,172.0,0.991,1.0,1.0,49.0,22.0,24.0
28,20.286,50.0,50.0,50.0,123.0,69.0,-20.0,173.0,0.991,1.0,1.0,49.0,22.0,24.0
29,20.296,50.0,50.0,50.0,122.0,69.0,-20.0,172.0,0.991,1.0,1.0,49.0,22.0,24.0
30,20.316,50.0,50.0,50.0,122.0,69.0,-20.0,172.0,0.991,1.0,1.0,49.0,22.0,24.0
31,20.326,50.0,50.0,50.0,123.0,69.0,-20.0,173.0,0.991,1.0,1.0,49.0,22.0,24.0
32,20.336,50.0,50.0,50.0,122.0,69.0,-20.0,172.0,0.991,1.0,1.0,49.0,22.0,24.0
33,20.346,50.0,50.0,50.0,123.0,69.0,-20.0,173.0,0.991,1.0,1.0,49.0,22.0,24.0
34,20.356,50.0,50.0,50.0,122.0,69.0,-20.0,172.0,0.991,1.0,1.0,49.0,22.0,24.0
35,20.366,50.0,50.0,50.0,123.0,69.0,-20.0,173.0,0.991,1.0,1.0,49.0,22.0,24.0
36,20.376,50.0,50.0,50.0,122.0,69.0,-20.0,172.0,0.991,1.0,1.0,49.0,22.0,24.0
37,20.386,50.0,50.0,50.0,123.0,69.0,-20.0,173.0,0.991,1.0,1.0,49.0,22.0,24.0
38,20.396,50.0,50.0,50.0,122.0,69.0,-20.0,172.0,0.991,1.0,1.0,49.0,22.0,24.0
39,20.416,50.0,50.0,50.0,122.0,69.0,-20.0,172.0,0.991,1.0,1.0,49.0,22.0,24.0
40,20.426,50.0,50.0,50.0,123.0,69.0,-20.0,173.0,0.991,1.0,1.0,49.0,22.0,24.0
41,20.436,50.0,50.0,50.0,122.0,69.0,-20.0,172.0,0.991,1.0,1.0,49.0,22.0,24.0
42,20.446,50.0,50.0,50.0,123.0,69.0,-20.0,173.0,0.991,1.0,1.0,49.0,22.0,24.0
43,20.456,50.0,50.0,50.0,122.0,69.0,-20.0,172.0,0.991,1.0,1.0,49.0,22.0,24.0
44,20.466,50.0,50.0,50.0,123.0,69.0,-20.0,173.0,0.991,1.0,1.0,49.0,22.0,24.0
45,20.476,50.0,50.0,50.0,122.0,69.0,-20.0,172.0,0.991,1.0,1.0,49.0,22.0,24.0
46,20.486,50.0,50.0,50.0,123.0,69.0,-20.0,173.0,0.991,1.0,1.0,49.0,22.0,24.0
47,20.496,50.0,50.0,50.0,122.0,69.0,-20.0,172.0,0.991,1.0,1.0,49.0,22.0,24.0
48,20.516,50.0,50.0,50.0,122.0,69.0,-20.0,172.0,0.991,1.0,1.0,49.0,22.0,24.0
49,20.526,50.0,50.0,50.0,123.0,69.0,-20.0,173.0,0.991,1.0,1.0,49.0,22.0,24.0
50,20.536,50.0,50.0,50.0,122.0,69.0,-20.0,172.0,0.991,1.0,1.0,49.0,22.0,24.0
51,20.546,50.0,50.0,50.0,123.0,69.0,-20.0,173.0,0.991,1.0,1.0,49.0,22.0,24.0
52,20.556,50.0,50.0,50.0,122.0,69.0,-20.0,172.0,0.991,1.0,1.0,49.0,22.0,24.0
53,20.566,50.0,50.0,50.0,123.0,69.0,-20.0,173.0,0.991,1.0,1.0,49.0,22.0,24.0
54,20.576,50.0,50.0,50.0,122.0,69.0,-20.0,172.0,0.991,1.0,1.0,49.0,22.0,24.0
55,20.586,50.0,50.0,50.0,123.0,69.0,-20.0,173.0,0.991,1.0,1.0,49.0,22.0,24.0
56,20.596,50.0,50.0,50.0,122.0,69.0,-20.0,172.0,0.991,1.0,1.0,49.0,22.0,24.0
57,20.616,50.0,50.0,50.0,122.0,69.0,-20.0,172.0,0.991,1.0,1.0,49.0,22.0,24.0
58,20.626,50.0,50.0,50.0,123.0,69.0,-20.0,173.0,0.991,1.0,1.0,49.0,22.0,24.0
59,20.636,50.0,50.0,50.0,122.0,69.0,-20.0,172.0,0.991,1.0,1.0,49.0,22.0,24.0
60,20.646,50.0,50.0,50.0,123.0,69.0,-20.0,173.0,0.991,1.0,1.0,49.0,22.0,24.0
61,20.656,50.0,50.0,50.0,122.0,69.0,-20.0,172.0,0.991,1.0,1.0,49.0,22.0,24.0
62,20.666,50.0,50.0,50.0,123.0,69.0,-20.0,173.0,0.991,1.0,1.0,49.0,22.0,24.0
63,20.676,50.0,50.0,50.0,122.0,69.0,-20.0,172.0,0.991,1.0,1.0,49.0,22.0,24.0
64,20.686,50.0,50.0,50.0,123.0,69.0,-20.0,173.0,0.991,1.0,1.0,49.0,22.0,24.0
65,20.696,50.0,50.0,50.0,122.0,69.0,-20.0,172.0,0.991,1.0,1.0,49.0,22.0,24.0
66,20.716,50.0,50.0,50.0,122.0,69.0,-20.0,172.0,0.991,1.0,1.0,49.0,22.0,24.0
67,20.726,50.0,50.0,50.0,123.0,69.0,-20.0,172.0,0.991,1.0,1.0,49.0,22.0,24.0
68,20.736,50.0,50.0,50.0,122.0,69.0,-20.0,172.0,0.991,1.0,1.0,49.0,22.0,24.0
69,20.746,50.0,50.0,50.0,123.0,69.0,-20.0,172.0,0.991,1.0,1.0,49.0,22.0,24.0
70,20.756,50.0,50.0,50.0,122.0,69.0,-20.0,172.0,0.991,1.0,1.0,49.0,22.0,24.0
71,20.766,50.0,50.0,50.0,123.0,69.0,-20.0,172.0,0.991,1.0,1.0,49.0,22.0,24.0
72,20.776,50.0,50.0,50.0,122.0,69.0,-20.0,172.0,0.991,1.0,1.0,49.0,22.0,24.0
73,20.786,50.0,50.0,50.0,123.0,69.0,-20.0,172.0,0.991,1.0,1.0,49.0,22.0,24.0
74,20.796,50.0,50.0,50.0,122.0,69.0,-20.0,172.0,0.991,1.0,1.0,49.0,22.0,24.0
75,20.816,50.0,50.0,50.0,122.0,69.0,-20.0,172.0,0.991,1.0,1.0,49.0,22.0,24.0
76,20.826,50.0,50.0,50.0,123.0,69.0,-20.0,172.0,0.991,1.0,1.0,49.0,22.0,24.0
77,20.836,50.0,50.0,50.0,122.0,69.0,-20.0,172.0,0.991,1.0,1.0,49.0,22.0,24.0
78,20.846,50.0,50.0,50.0,123.0,69.0,-20.0,172.0,0.991,1.0,1.0,49.0,22.0,24.0
79,20.856,50.0,50.0,50.0,122.0,69.0,-20.0,172.0,0.991,1.0,1.0,49.0,22.0,24.0
80,20.866,50.0,50.0,50.0,123.0,69.0,-20.0,172.0,0.991,1.0,1.0,49.0,22.0,24.0
81,20.876,50.0,50.0,50.0,122.0,69.0,-20.0,172.0,0.991,1.0,1.0,49.0,22.0,24.0
82,20.886,50.0,50.0,50.0,123.0,69.0,-20.0,172.0,0.991,1.0,1.0,49.0,22.0,24.0
83,20.896,50.0,50.0,50.0,122.0,69.0,-20.0,172.0,0.991,1.0,1.0,49.0,22.0,24.0
84,20.916,50.0,50.0,50.0,122.0,69.0,-20.0,172.0,0.991,1.0,1.0,49.0,22.0,24.0
85,20.926,50.0,50.0,50.0,123.0,69.0,-20.0,172.0,0.991,1.0,1.0,49.0,22.0,24.0
86,20.936,50.0,50.0,50.0,122.0,69.0,-20.0,172.0,0.991,1.0,1.0,49.0,22.0,24.0
87,20.946,50.0,50.0,50.0,123.0,69.0,-20.0,172.0,0.991,1.0,1.0,49.0,22.0,24.0
88,20.956,50.0,50.0,50.0,122.0,69.0,-20.0,172.0,0.991,1.0,1.0,49.0,22.0,24.0
89,20.966,50.0,50.0,50.0,123.0,69.0,-20.0,172.0,0.991,1.0,1.0,49.0,22.0,24.0
90,20.976,50.0,50.0,50.0,122.0,69.0,-20.0,172.0,0.991,1.0,1.0,50.0,22.0,24.0
91,20.986,50.0,50.0,50.0,123.0,69.0,-20.0,172.0,0.991,1.0,1.0,50.0,22.0,24.0
92,20.996,50.0,50.0,50.0,122.0,69.0,-20.0,172.0,0.991,1.0,1.0,50.0,22.0,24.0
93,21.016,50.0,50.0,50.0,122.0,69.0,-20.0,172.0,0.992,1.0,1.0,50.0,22.0,24.0
94,21.026,50.0,50.0,50.0,123.0,69.0,-20.0,172.0,0.991,1.0,1.0,50.0,22.0,24.0
95,21.036,50.0,50.0,50.0,122.0,69.0,-20.0,172.0,0.992,1.0,1.0,50.0,22.0,24.0
96,21.046,50.0,50.0,50.0,123.0,69.0,-20.0,172.0,0.991,1.0,1.0,50.0,22.0,24.0
97,21.056,50.0,50.0,50.0,122.0,69.0,-20.0,172.0,0.992,1.0,1.0,50.0,22.0,24.0
98,21.066,50.0,50.0,50.0,123.0,69.0,-20.0,172.0,0.991,1.0,1.0,50.0,22.0,24.0
99,21.076,50.0,50.0,50.0,122.0,69.0,-20.0,172.0,0.992,1.0,1.0,50.0,22.0,24.0
100,21.086,50.0,50.0,50.0,123.0,69.0,-20.0,172.0,0.991,1.0,1.0,50.0,22.0,24.0
101,21.096,50.0,50.0,50.0,122.0,69.0,-20.0,172.0,0.992,1.0,1.0,50.0,22.0,24.0
102,21.116,50.0,50.0,50.0,122.0,69.0,-20.0,172.0,0.992,1.0,1.0,50.0,22.0,24.0
103,21.126,50.0,50.0,50.0,123.0,69.0,-20.0,172.0,0.991,1.0,1.0,50.0,22.0,24.0
104,21.136,50.0,50.0,50.0,122.0,69.0,-20.0,172.0,0.992,1.0,1.0,50.0,22.0,24.0
105,21.146,50.0,50.0,50.0,123.0,69.0,-20.0,172.0,0.991,1.0,1.0,50.0,22.0,24.0
106,21.156,50.0,50.0,50.0,122.0,69.0,-20.0,172.0,0.992,1.0,1.0,50.0,22.0,24.0
107,21.166,50.0,50.0,50.0,123.0,69.0,-20.0,172.0,0.991,1.0,1.0,50.0,22.0,24.0
108,21.176,50.0,50.0,50.0,122.0,69.0,-20.0,172.0,0.992,1.0,1.0,50.0,22.0,24.0
109,21.186,50.0,50.0,50.0,123.0,69.0,-20.0,172.0,0.991,1.0,1.0,50.0,22.0,24.0
110,21.196,50.0,50.0,50.0,122.0,69.0,-20.0,172.0,0.992,1.0,1.0,50.0,22.0,24.0
111,21.216,50.0,50.0,50.0,122.0,69.0,-20.0,172.0,0.992,1.0,1.0,50.0,22.0,24.0
112,21.226,50.0,50.0,50.0,123.0,69.0,-20.0,172.0,0.992,1.0,1.0,50.0,22.0,24.0
113,21.236,50.0,50.0,50.0,122.0,69.0,-20.0,172.0,0.992,1.0,1.0,50.0,22.0,24.0
114,21.246,50.0,50.0,50.0,123.0,69.0,-20.0,172.0,0.992,1.0,1.0,50.0,22.0,24.0
115,21.256,50.0,50.0,50.0,122.0,69.0,-20.0,172.0,0.992,1.0,1.0,50.0,22.0,24.0
116,21.266,50.0,50.0,50.0,123.0,69.0,-20.0,172.0,0.992,1.0,1.0,50.0,22.0,24.0
117,21.276,50.0,50.0,50.0,122.0,69.0,-20.0,172.0,0.992,1.0,1.0,50.0,22.0,24.0
118,21.286,50.0,50.0,50.0,123.0,69.0,-20.0,172.0,0.992,1.0,1.0,50.0,22.0,24.0
119,21.296,50.0,50.0,50.0,122.0,69.0,-20.0,172.0,0.992,1.0,1.0,50.0,22.0,24.0
120,21.316,50.0,50.0,50.0,122.0,69.0,-20.0,172.0,0.992,1.0,1.0,50.0,22.0,24.0
121,21.326,50.0,50.0,50.0,123.0,69.0,-20.0,172.0,0.992,1.0,1.0,50.0,22.0,24.0
122,21.336,50.0,50.0,50.0,122.0,69.0,-20.0,172.0,0.992,1.0,1.0,50.0,22.0,24.0
123,21.346,50.0,50.0,50.0,123.0,69.0,-20.0,172.0,0.992,1.0,1.0,50.0,22.0,24.0
124,21.356,50.0,50.0,50.0,122.0,69.0,-20.0,172.0,0.992,1.0,1.0,50.0,22.0,24.0
125,21.366,50.0,50.0,50.0,123.0,69.0,-20.0,172.0,0.992,1.0,1.0,50.0,22.0,24.0
126,21.376,50.0,50.0,50.0,122.0,69.0,-20.0,172.0,0.992,1.0,1.0,50.0,22.0,24.0
127,21.386,50.0,50.0,50.0,123.0,69.0,-20.0,172.0,0.992,1.0,1.0,50.0,22.0,24.0
128,21.396,50.0,50.0,50.0,122.0,69.0,-20.0,172.0,0.992,1.0,1.0,50.0,22.0,24.0
129,21.416,50.0,50.0,50.0,122.0,69.0,-20.0,172.0,0.992,1.0,1.0,50.0,22.0,24.0
130,21.426,50.0,50.0,50.0,123.0,69.0,-20.0,172.0,0.992,1.0,1.0,50.0,22.0,24.0
131,21.436,50.0,50.0,50.0,122.0,69.0,-20.0,172.0,0.992,1.0,1.0,50.0,22.0,24.0
132,21.446,50.0,50.0,50.0,123.0,69.0,-20.0,172.0,0.992,1.0,1.0,50.0,22.0,24.0
133,21.456,50.0,50.0,50.0,122.0,69.0,-20.0,172.0,0.992,1.0,1.0,50.0,22.0,24.0
134,21.466,50.0,50.0,50.0,123.0,69.0,-20.0,172.0,0.992,1.0,1.0,50.0,22.0,24.0
135,21.476,50.0,50.0,50.0,122.0,69.0,-20.0,172.0,0.992,1.0,1.0,50.0,22.0,24.0
136,21.486,50.0,50.0,50.0,123.0,69.0,-20.0,172.0,0.992,1.0,1.0,50.0,22.0,24.0
137,21.496,50.0,50.0,50.0,122.0,69.0,-20.0,172.0,0.992,1.0,1.0,50.0,22.0,24.0
138,21.516,50.0,50.0,50.0,122.0,69.0,-20.0,172.0,0.992,1.0,1.0,50.0,22.0,24.0
139,21.526,50.0,50.0,50.0,123.0,69.0,-20.0,172.0,0.992,1.0,1.0,50.0,22.0,24.0
140,21.536,50.0,50.0,50.0,122.0,69.0,-20.0,172.0,0.992,1.0,1.0,50.0,22.0,24.0
141,21.546,50.0,50.0,50.0,123.0,69.0,-20.0,172.0,0.992,1.0,1.0,50.0,22.0,24.0
142,21.556,50.0,50.0,50.0,122.0,69.0,-20.0,172.0,0.992,1.0,1.0,50.0,22.0,24.0
143,21.566,50.0,50.0,50.0,123.0,69.0,-20.0,172.0,0.992,1.0,1.0,50.0,22.0,24.0
144,21.576,50.0,50.0,50.0,122.0,69.0,-20.0,172.0,0.992,1.0,1.0,50.0,22.0,24.0
145,21.586,50.0,50.0,50.0,123.0,69.0,-20.0,172.0,0.992,1.0,1.0,50.0,22.0,24.0
146,21.596,50.0,50.0,50.0,122.0,69.0,-20.0,172.0,0.992,1.0,1.0,50.0,22.0,24.0
147,21.616,50.0,50.0,50.0,122.0,69.0,-20.0,172.0,0.992,1.0,1.0,50.0,22.0,24.0
148,21.626,50.0,50.0,50.0,123.0,69.0,-20.0,172.0,0.992,1.0,1.0,50.0,22.0,24.0
149,21.636,50.0,50.0,50.0,122.0,69.0,-20.0,172.0,0.992,1.0,1.0,50.0,22.0,24.0
150,21.646,50.0,50.0,50.0,123.0,69.0,-20.0,172.0,0.992,1.0,1.0,50.0,22.0,24.0
151,21.656,50.0,50.0,50.0,122.0,69.0,-20.0,172.0,0.992,1.0,1.0,50.0,22.0,24.0
152,21.666,50.0,50.0,50.0,123.0,69.0,-20.0,172.0,0.992,1.0,1.0,50.0,22.0,24.0
153,21.676,50.0,50.0,50.0,122.0,69.0,-20.0,172.0,0.992,1.0,1.0,50.0,22.0,24.0
154,21.686,50.0,50.0,50.0,123.0,69.0,-20.0,172.0,0.992,1.0,1.0,50.0,22.0,24.0
155,21.696,50.0,50.0,50.0,122.0,69.0,-20.0,172.0,0.992,1.0,1.0,50.0,22.0,24.0
156,21.716,50.0,50.0,50.0,122.0,69.0,-20.0,172.0,0.992,1.0,1.0,50.0,22.0,24.0
157,21.726,50.0,50.0,50.0,123.0,69.0,-20.0,172.0,0.992,1.0,1.0,50.0,22.0,24.0
158,21.736,50.0,50.0,50.0,122.0,69.0,-20.0,172.0,0.992,1.0,1.0,50.0,22.0,24.0
159,21.746,50.0,50.0,50.0,123.0,69.0,-20.0,172.0,0.992,1.0,1.0,50.0,22.0,24.0
160,21.756,50.0,50.0,50.0,122.0,69.0,-20.0,172.0,0.992,1.0,1.0,50.0,22.0,24.0
161,21.766,50.0,50.0,50.0,123.0,69.0,-20.0,172.0,0.992,1.0,1.0,50.0,22.0,24.0
162,21.776,50.0,50.0,50.0,122.0,69.0,-20.0,172.0,0.992,1.0,1.0,50.0,22.0,24.0
163,21.786,50.0,50.0,50.0,123.0,69.0,-20.0,172.0,0.992,1.0,1.0,50.0,22.0,24.0
164,21.796,50.0,50.0,50.0,122.0,69.0,-20.0,172.0,0.992,1.0,1.0,50.0,22.0,24.0
165,21.816,50.0,50.0,50.0,122.0,69.0,-20.0,172.0,0.992,1.0,1.0,50.0,22.0,24.0
166,21.826,50.0,50.0,50.0,123.0,69.0,-20.0,172.0,0.992,1.0,1.0,50.0,22.0,24.0
167,21.836,50.0,50.0,50.0,122.0,69.0,-20.0,172.0,0.992,1.0,1.0,50.0,22.0,24.0
168,21.846,50.0,50.0,50.0,123.0,69.0,-20.0,172.0,0.992,1.0,1.0,50.0,22.0,24.0
169,21.856,50.0,50.0,50.0,122.0,69.0,-20.0,172.0,0.992,1.0,1.0,50.0,22.0,24.0
170,21.866,50.0,50.0,50.0,123.0,69.0,-20.0,172.0,0.992,1.0,1.0,50.0,22.0,24.0
171,21.876,50.0,50.0,50.0,122.0,69.0,-20.0,172.0,0.992,1.0,1.0,50.0,22.0,24.0
172,21.886,50.0,50.0,50.0,123.0,69.0,-20.0,172.0,0.992,1.0,1.0,50.0,22.0,24.0
173,21.896,50.0,50.0,50.0,122.0,69.0,-20.0,172.0,0.992,1.0,1.0,50.0,22.0,24.0
174,21.916,50.0,50.0,50.0,122.0,69.0,-20.0,172.0,0.992,1.0,1.0,50.0,22.0,24.0
175,21.926,50.0,50.0,50.0,123.0,69.0,-20.0,172.0,0.992,1.0,1.0,50.0,22.0,24.0
176,21.936,50.0,50.0,50.0,122.0,69.0,-20.0,172.0,0.992,1.0,1.0,50.0,22.0,24.0
177,21.946,50.0,50.0,50.0,123.0,69.0,-20.0,172.0,0.992,1.0,1.0,50.0,22.0,24.0
178,21.956,50.0,50.0,50.0,122.0,69.0,-20.0,172.0,0.992,1.0,1.0,50.0,22.0,24.0
179,21.966,50.0,50.0,50.0,123.0,69.0,-20.0,172.0,0.992,1.0,1.0,50.0,22.0,24.0
180,21.976,50.0,50.0,50.0,122.0,69.0,-20.0,172.0,0.992,1.0,1.0,50.0,22.0,24.0
181,21.986,50.0,50.0,50.0,123.0,69.0,-20.0,172.0,0.992,1.0,1.0,50.0,22.0,24.0
182,21.996,50.0,50.0,50.0,122.0,69.0,-20.0,172.0,0.992,1.0,1.0,50.0,22.0,24.0
183,22.016,50.0,50.0,50.0,122.0,69.0,-20.0,172.0,0.992,1.0,1.0,50.0,22.0,24.0
184,22.026,50.0,50.0,50.0,123.0,69.0,-20.0,172.0,0.992,1.0,1.0,50.0,22.0,24.0
185,22.036,50.0,50.0,50.0,122.0,69.0,-20.0,172.0,0.992,1.0,1.0,50.0,22.0,24.0
186,22.046,50.0,50.0,50.0,123.0,69.0,-20.0,172.0,0.992,1.0,1.0,50.0,22.0,24.0
187,22.056,50.0,50.0,50.0,122.0,69.0,-20.0,172.0,0.992,1.0,1.0,50.0,22.0,24.0
188,22.066,50.0,50.0,50.0,123.0,69.0,-20.0,172.0,0.992,1.0,1.0,50.0,22.0,24.0
189,22.076,50.0,50.0,50.0,122.0,69.0,-20.0,172.0,0.992,1.0,1.0,50.0,22.0,24.0
190,22.086,50.0,50.0,50.0,123.0,69.0,-20.0,172.0,0.992,1.0,1.0,50.0,22.0,24.0
191,22.096,50.0,50.0,50.0,122.0,69.0,-20.0,172.0,0.992,1.0,1.0,50.0,22.0,24.0
192,22.115,50.0,50.0,50.0,122.0,69.0,-20.0,172.0,0.992,1.0,1.0,50.0,22.0,24.0
193,22.125,50.0,50.0,50.0,123.0,69.0,-20.0,172.0,0.992,1.0,1.0,50.0,22.0,24.0
194,22.135,50.0,50.0,50.0,122.0,69.0,-20.0,172.0,0.992,1.0,1.0,50.0,22.0,24.0
195,22.145,50.0,50.0,50.0,123.0,69.0,-20.0,172.0,0.992,1.0,1.0,50.0,22.0,24.0
196,22.155,50.0,50.0,50.0,122.0,69.0,-20.0,172.0,0.992,1.0,1.0,50.0,22.0,24.0
197,22.165,50.0,50.0,50.0,123.0,69.0,-20.0,172.0,0.992,1.0,1.0,50.0,22.0,24.0
198,22.175,50.0,50.0,50.0,122.0,69.0,-20.0,172.0,0.992,1.0,1.0,50.0,22.0,24.0
199,22.185,50.0,50.0,50.0,123.0,69.0,-20.0,172.0,0.992,1.0,1.0,50.0,22.0,24.0
200,22.195,50.0,50.0,50.0,122.0,69.0,-20.0,172.0,0.992,1.0,1.0,50.0,22.0,24.0
201,22.215,50.0,50.0,50.0,122.0,69.0,-20.0,172.0,0.992,1.0,1.0,50.0,22.0,24.0
202,22.225,50.0,50.0,50.0,123.0,69.0,-20.0,172.0,0.992,1.0,1.0,50.0,22.0,24.0
203,22.235,50.0,50.0,50.0,122.0,69.0,-20.0,172.0,0.992,1.0,1.0,50.0,22.0,24.0
204,22.245,50.0,50.0,50.0,123.0,69.0,-20.0,172.0,0.992,1.0,1.0,50.0,22.0,24.0
205,22.255,50.0,50.0,50.0,122.0,69.0,-20.0,172.0,0.992,1.0,1.0,50.0,22.0,24.0
206,22.265,50.0,50.0,50.0,123.0,69.0,-20.0,172.0,0.992,1.0,1.0,50.0,22.0,24.0
207,22.275,50.0,50.0,50.0,122.0,69.0,-20.0,172.0,0.992,1.0,1.0,50.0,22.0,24.0
208,22.285,50.0,50.0,50.0,123.0,69.0,-20.0,172.0,0.992,1.0,1.0,50.0,22.0,24.0
209,22.295,50.0,50.0,50.0,122.0,69.0,-20.0,172.0,0.992,1.0,1.0,50.0,22.0,24.0
210,22.315,50.0,50.0,50.0,122.0,69.0,-20.0,172.0,0.992,1.0,1.0,50.0,22.0,24.0
211,22.325,50.0,50.0,50.0,123.0,69.0,-20.0,172.0,0.992,1.0,1.0,50.0,22.0,24.0
212,22.335,50.0,50.0,50.0,122.0,69.0,-20.0,172.0,0.992,1.0,1.0,50.0,22.0,24.0
213,22.345,50.0,50.0,50.0,123.0,69.0,-20.0,172.0,0.992,1.0,1.0,50.0,22.0,24.0
214,22.355,50.0,50.0,50.0,122.0,69.0,-20.0,172.0,0.992,1.0,1.0,50.0,22.0,24.0
215,22.365,50.0,50.0,50.0,123.0,69.0,-20.0,172.0,0.992,1.0,1.0,50.0,22.0,24.0
216,22.375,50.0,50.0,50.0,122.0,69.0,-20.0,172.0,0.992,1.0,1.0,50.0,22.0,24.0
217,22.385,50.0,50.0,50.0,123.0,69.0,-20.0,172.0,0.992,1.0,1.0,50.0,22.0,24.0
218,22.395,50.0,50.0,50.0,122.0,69.0,-20.0,172.0,0.992,1.0,1.0,50.0,22.0,24.0
219,22.415,50.0,50.0,50.0,122.0,69.0,-20.0,172.0,0.992,1.0,1.0,50.0,22.0,24.0
220,22.425,50.0,50.0,50.0,123.0,69.0,-20.0,172.0,0.992,1.0,1.0,50.0,22.0,24.0
221,22.435,50.0,50.0,50.0,122.0,69.0,-20.0,172.0,0.992,1.0,1.0,50.0,22.0,24.0
222,22.445,50.0,50.0,50.0,123.0,69.0,-20.0,172.0,0.992,1.0,1.0,50.0,22.0,24.0
223,22.455,50.0,50.0,50.0,122.0,69.0,-20.0,172.0,0.992,1.0,1.0,50.0,22.0,24.0
224,22.465,50.0,50.0,50.0,123.0,69.0,-20.0,172.0,0.992,1.0,1.0,50.0,22.0,24.0
225,22.475,50.0,50.0,50.0,122.0,69.0,-20.0,172.0,0.992,1.0,1.0,50.0,22.0,24.0
226,22.485,50.0,50.0,50.0,123.0,69.0,-20.0,172.0,0.992,1.0,1.0,50.0,22.0,24.0
227,22.495,50.0,50.0,50.0,122.0,69.0,-20.0,172.0,0.992,1.0,1.0,50.0,22.0,24.0
228,22.515,50.0,50.0,50.0,122.0,69.0,-20.0,172.0,0.992,1.0,1.0,50.0,22.0,24.0
229,22.525,50.0,50.0,50.0,123.0,69.0,-20.0,172.0,0.992,1.0,1.0,50.0,22.0,24.0
230,22.535,50.0,50.0,50.0,122.0,69.0,-20.0,172.0,0.992,1.0,1.0,50.0,22.0,24.0
231,22.545,50.0,50.0,50.0,123.0,69.0,-20.0,172.0,0.992,1.0,1.0,50.0,22.0,24.0
232,22.555,50.0,50.0,50.0,122.0,69.0,-20.0,172.0,0.992,1.0,1.0,50.0,22.0,24.0
233,22.565,50.0,50.0,50.0,123.0,69.0,-20.0,172.0,0.992,1.0,1.0,50.0,22.0,24.0
234,22.575,50.0,50.0,50.0,122.0,69.0,-20.0,172.0,0.992,1.0,1.0,50.0,22.0,24.0
235,22.585,50.0,50.0,50.0,123.0,69.0,-20.0,172.0,0.992,1.0,1.0,50.0,22.0,24.0
236,22.595,50.0,50.0,50.0,122.0,69.0,-20.0,172.0,0.992,1.0,1.0,50.0,22.0,24.0
237,22.615,50.0,50.0,50.0,122.0,69.0,-20.0,172.0,0.992,1.0,1.0,50.0,22.0,24.0
238,22.625,50.0,50.0,50.0,123.0,69.0,-20.0,172.0,0.992,1.0,1.0,50.0,22.0,24.0
239,22.635,50.0,50.0,50.0,122.0,69.0,-20.0,172.0,0.992,1.0,1.0,50.0,22.0,24.0
240,22.645,50.0,50.0,50.0,123.0,69.0,-20.0,172.0,0.992,1.0,1.0,50.0,22.0,24.0
241,22.655,50.0,50.0,50.0,122.0,69.0,-20.0,172.0,0.992,1.0,1.0,50.0,22.0,24.0
242,22.665,50.0,50.0,50.0,123.0,69.0,-20.0,172.0,0.992,1.0,1.0,50.0,22.0,24.0
243,22.675,50.0,50.0,50.0,122.0,69.0,-20.0,172.0,0.992,1.0,1.0,50.0,22.0,24.0
244,22.685,50.0,50.0,50.0,123.0,69.0,-20.0,172.0,0.992,1.0,1.0,50.0,22.0,24.0
245,22.695,50.0,50.0,50.0,122.0,69.0,-20.0,172.0,0.992,1.0,1.0,50.0,22.0,24.0
246,22.715,50.0,50.0,50.0,122.0,69.0,-20.0,172.0,0.992,1.0,1.0,50.0,22.0,24.0
247,22.725,50.0,50.0,50.0,123.0,69.0,-20.0,172.0,0.992,1.0,1.0,50.0,22.0,24.0
248,22.735,50.0,50.0,50.0,122.0,69.0,-20.0,172.0,0.992,1.0,1.0,50.0,22.0,24.0
249,22.745,50.0,50.0,50.0,123.0,69.0,-20.0,172.0,0.992,1.0,1.0,50.0,22.0,24.0
250,22.755,50.0,50.0,50.0,122.0,69.0,-20.0,172.0,0.992,1.0,1.0,50.0,22.0,24.0
251,22.765,50.0,50.0,50.0,123.0,69.0,-20.0,172.0,0.992,1.0,1.0,50.0,22.0,24.0
252,22.775,50.0,50.0,50.0,122.0,69.0,-20.0,172.0,0.992,1.0,1.0,50.0,22.0,24.0
253,22.785,50.0,50.0,50.0,123.0,69.0,-20.0,172.0,0.992,1.0,1.0,50.0,22.0,24.0
254,22.795,50.0,50.0,50.0,122.0,69.0,-20.0,172.0,0.992,1.0,1.0,50.0,22.0,24.0
255,22.815,50.0,50.0,50.0,122.0,69.0,-20.0,172.0,0.992,1.0,1.0,50.0,22.0,24.0
256,22.825,50.0,50.0,50.0,123.0,69.0,-20.0,172.0,0.992,1.0,1.0,50.0,22.0,24.0
257,22.835,50.0,50.0,50.0,122.0,69.0,-20.0,172.0,0.992,1.0,1.0,50.0,22.0,24.0
258,22.845,50.0,50.0,50.0,123.0,69.0,-20.0,172.0,0.992,1.0,1.0,50.0,22.0,24.0
259,22.855,50.0,50.0,50.0,122.0,69.0,-20.0,172.0,0.992,1.0,1.0,50.0,22.0,24.0
260,22.865,50.0,50.0,50.0,123.0,69.0,-20.0,172.0,0.992,1.0,1.0,50.0,22.0,24.0
261,22.875,50.0,50.0,50.0,122.0,69.0,-20.0,172.0,0.992,1.0,1.0,50.0,22.0,24.0
262,22.885,50.0,50.0,50.0,123.0,69.0,-20.0,172.0,0.992,1.0,1.0,50.0,22.0,24.0
263,22.895,50.0,50.0,50.0,122.0,69.0,-20.0,172.0,0.992,1.0,1.0,50.0,22.0,24.0
264,22.915,50.0,50.0,50.0,122.0,69.0,-20.0,172.0,0.992,1.0,1.0,50.0,22.0,24.0
265,22.925,50.0,50.0,50.0,123.0,69.0,-20.0,172.0,0.992,1.0,1.0,50.0,22.0,24.0
266,22.935,50.0,50.0,50.0,122.0,69.0,-20.0,172.0,0.992,1.0,1.0,50.0,22.0,24.0
267,22.945,50.0,50.0,50.0,123.0,69.0,-20.0,172.0,0.992,1.0,1.0,50.0,22.0,24.0
268,22.955,50.0,50.0,50.0,122.0,69.0,-20.0,172.0,0.992,1.0,1.0,50.0,22.0,24.0
269,22.965,50.0,50.0,50.0,123.0,69.0,-20.0,172.0,0.992,1.0,1.0,50.0,22.0,24.0
270,22.975,50.0,50.0,50.0,122.0,69.0,-20.0,172.0,0.992,1.0,1.0,50.0,22.0,24.0
271,22.985,50.0,50.0,50.0,123.0,69.0,-20.0,172.0,0.992,1.0,1.0,50.0,22.0,24.0
272,22.995,50.0,50.0,50.0,122.0,69.0,-20.0,172.0,0.992,1.0,1.0,50.0,22.0,24.0
273,23.015,50.0,50.0,50.0,122.0,69.0,-20.0,172.0,0.993,1.0,0.999,50.0,22.0,24.0
274,23.025,50.0,50.0,50.0,123.0,69.0,-20.0,172.0,0.992,1.0,1.0,50.0,22.0,24.0
275,23.035,50.0,50.0,50.0,122.0,69.0,-20.0,172.0,0.993,1.0,0.999,50.0,22.0,24.0
276,23.045,50.0,50.0,50.0,123.0,69.0,-20.0,172.0,0.992,1.0,1.0,50.0,22.0,24.0
277,23.055,50.0,50.0,50.0,122.0,69.0,-20.0,172.0,0.993,1.0,0.999,50.0,22.0,24.0
278,23.065,50.0,50.0,50.0,123.0,69.0,-20.0,172.0,0.992,1.0,1.0,50.0,22.0,24.0
279,23.075,50.0,50.0,50.0,122.0,69.0,-20.0,172.0,0.993,1.0,0.999,50.0,22.0,24.0
280,23.085,50.0,50.0,50.0,123.0,69.0,-20.0,172.0,0.992,1.0,1.0,50.0,22.0,24.0
281,23.095,50.0,50.0,50.0,122.0,69.0,-20.0,172.0,0.993,1.0,0.999,50.0,22.0,24.0
282,23.115,50.0,50.0,50.0,122.0,69.0,-20.0,172.0,0.993,1.0,0.999,50.0,22.0,24.0
283,23.125,50.0,50.0,50.0,123.0,69.0,-20.0,172.0,0.992,1.0,1.0,50.0,22.0,24.0
284,23.135,50.0,50.0,50.0,122.0,69.0,-20.0,172.0,0.993,1.0,0.999,50.0,22.0,24.0
285,23.145,50.0,50.0,50.0,123.0,69.0,-20.0,172.0,0.992,1.0,1.0,50.0,22.0,24.0
286,23.155,50.0,50.0,50.0,122.0,69.0,-20.0,172.0,0.993,1.0,0.999,50.0,22.0,24.0
287,23.165,50.0,50.0,50.0,123.0,69.0,-20.0,172.0,0.992,1.0,1.0,50.0,22.0,24.0
288,23.175,50.0,50.0,50.0,122.0,69.0,-20.0,172.0,0.993,1.0,0.999,50.0,22.0,24.0
289,23.185,50.0,50.0,50.0,123.0,69.0,-20.0,172.0,0.992,1.0,1.0,50.0,22.0,24.0
290,23.195,50.0,50.0,50.0,122.0,69.0,-20.0,172.0,0.993,1.0,0.999,50.0,22.0,24.0
291,23.215,50.0,50.0,50.0,122.0,69.0,-20.0,172.0,0.993,1.0,0.999,50.0,22.0,24.0
292,23.225,50.0,50.0,50.0,123.0,69.0,-20.0,172.0,0.992,1.0,0.999,50.0,22.0,24.0
293,23.235,50.0,50.0,50.0,122.0,69.0,-20.0,172.0,0.993,1.0,0.999,50.0,22.0,24.0
294,23.245,50.0,50.0,50.0,123.0,69.0,-20.0,172.0,0.992,1.0,0.999,50.0,22.0,24.0
295,23.255,50.0,50.0,50.0,122.0,69.0,-20.0,172.0,0.993,1.0,0.999,50.0,22.0,24.0
296,23.265,50.0,50.0,50.0,123.0,69.0,-20.0,172.0,0.992,1.0,0.999,50.0,22.0,24.0
297,23.275,50.0,50.0,50.0,122.0,69.0,-20.0,172.0,0.993,1.0,0.999,50.0,22.0,24.0
298,23.285,50.0,50.0,50.0,123.0,69.0,-20.0,172.0,0.992,1.0,0.999,50.0,22.0,24.0
299,23.295,50.0,50.0,50.0,122.0,69.0,-20.0,172.0,0.993,1.0,0.999,50.0,22.0,24.0
300,23.315,50.0,50.0,50.0,122.0,69.0,-20.0,172.0,0.993,1.0,0.999,50.0,22.0,24.0
301,23.325,50.0,50.0,50.0,123.0,69.0,-20.0,172.0,0.993,1.0,0.999,50.0,22.0,24.0
302,23.335,50.0,50.0,50.0,122.0,69.0,-20.0,172.0,0.993,1.0,0.999,50.0,22.0,24.0
303,23.345,50.0,50.0,50.0,123.0,69.0,-20.0,172.0,0.993,1.0,0.999,50.0,22.0,24.0
304,23.355,50.0,50.0,50.0,122.0,69.0,-20.0,172.0,0.993,1.0,0.999,50.0,22.0,24.0
305,23.365,50.0,50.0,50.0,123.0,69.0,-20.0,172.0,0.993,1.0,0.999,50.0,22.0,24.0
306,23.375,50.0,50.0,50.0,122.0,69.0,-20.0,172.0,0.993,1.0,0.999,50.0,22.0,24.0
307,23.385,50.0,50.0,50.0,123.0,69.0,-20.0,172.0,0.993,1.0,0.999,50.0,22.0,24.0
308,23.395,50.0,50.0,50.0,122.0,69.0,-20.0,172.0,0.993,1.0,0.999,50.0,22.0,24.0
309,23.415,50.0,50.0,50.0,122.0,69.0,-20.0,172.0,0.993,1.0,0.999,50.0,22.0,24.0
310,23.425,50.0,50.0,50.0,123.0,69.0,-20.0,172.0,0.993,1.0,0.999,50.0,22.0,24.0
311,23.435,50.0,50.0,50.0,122.0,69.0,-20.0,172.0,0.993,1.0,0.999,50.0,22.0,24.0
312,23.445,50.0,50.0,50.0,123.0,69.0,-20.0,172.0,0.993,1.0,0.999,50.0,22.0,24.0
313,23.455,50.0,50.0,50.0,122.0,69.0,-20.0,172.0,0.993,1.0,0.999,50.0,22.0,24.0
314,23.465,50.0,50.0,50.0,123.0,69.0,-20.0,172.0,0.993,1.0,0.999,50.0,22.0,24.0
315,23.475,50.0,50.0,50.0,122.0,69.0,-20.0,172.0,0.993,1.0,0.999,50.0,22.0,24.0
316,23.485,50.0,50.0,50.0,123.0,69.0,-20.0,172.0,0.993,1.0,0.999,50.0,22.0,24.0
317,23.495,50.0,50.0,50.0,122.0,69.0,-20.0,172.0,0.993,1.0,0.999,50.0,22.0,24.0
318,23.515,50.0,50.0,50.0,122.0,69.0,-20.0,172.0,0.993,1.0,0.999,50.0,22.0,24.0
319,23.525,50.0,50.0,50.0,123.0,69.0,-20.0,172.0,0.993,1.0,0.999,50.0,22.0,24.0
320,23.535,50.0,50.0,50.0,122.0,69.0,-20.0,172.0,0.993,1.0,0.999,50.0,22.0,24.0
321,23.545,50.0,50.0,50.0,123.0,69.0,-20.0,172.0,0.993,1.0,0.999,50.0,22.0,24.0
322,23.555,50.0,50.0,50.0,122.0,69.0,-20.0,172.0,0.993,1.0,0.999,50.0,22.0,24.0
323,23.565,50.0,50.0,50.0,123.0,69.0,-20.0,172.0,0.993,1.0,0.999,50.0,22.0,24.0
324,23.575,50.0,50.0,50.0,122.0,69.0,-20.0,172.0,0.993,1.0,0.999,50.0,22.0,24.0
325,23.585,50.0,50.0,50.0,123.0,69.0,-20.0,172.0,0.993,1.0,0.999,50.0,22.0,24.0
326,23.595,50.0,50.0,50.0,122.0,69.0,-20.0,172.0,0.993,1.0,0.999,50.0,22.0,24.0
327,23.615,50.0,50.0,50.0,122.0,69.0,-20.0,171.0,0.993,1.0,0.999,50.0,22.0,24.0
328,23.625,50.0,50.0,50.0,123.0,69.0,-20.0,172.0,0.993,1.0,0.999,50.0,22.0,24.0
329,23.635,50.0,50.0,50.0,122.0,69.0,-20.0,171.0,0.993,1.0,0.999,50.0,22.0,24.0
330,23.645,50.0,50.0,50.0,123.0,69.0,-20.0,172.0,0.993,1.0,0.999,50.0,22.0,24.0
331,23.655,50.0,50.0,50.0,122.0,69.0,-20.0,171.0,0.993,1.0,0.999,50.0,22.0,24.0
332,23.665,50.0,50.0,50.0,123.0,69.0,-20.0,172.0,0.993,1.0,0.999,50.0,22.0,24.0
333,23.675,50.0,50.0,50.0,122.0,69.0,-20.0,171.0,0.993,1.0,0.999,50.0,22.0,24.0
334,23.685,50.0,50.0,50.0,123.0,69.0,-20.0,172.0,0.993,1.0,0.999,50.0,22.0,24.0
335,23.695,50.0,50.0,50.0,122.0,69.0,-20.0,171.0,0.993,1.0,0.999,50.0,22.0,24.0
336,23.715,50.0,50.0,50.0,122.0,69.0,-20.0,171.0,0.993,1.0,0.999,50.0,22.0,24.0
337,23.725,50.0,50.0,50.0,123.0,69.0,-20.0,172.0,0.993,1.0,0.999,50.0,22.0,24.0
338,23.735,50.0,50.0,50.0,122.0,69.0,-20.0,171.0,0.993,1.0,0.999,50.0,22.0,24.0
339,23.745,50.0,50.0,50.0,123.0,69.0,-20.0,172.0,0.993,1.0,0.999,50.0,22.0,24.0
340,23.755,50.0,50.0,50.0,122.0,69.0,-20.0,171.0,0.993,1.0,0.999,50.0,22.0,24.0
341,23.765,50.0,50.0,50.0,123.0,69.0,-20.0,172.0,0.993,1.0,0.999,50.0,22.0,24.0
342,23.775,50.0,50.0,50.0,122.0,69.0,-20.0,171.0,0.993,1.0,0.999,50.0,22.0,24.0
343,23.785,50.0,50.0,50.0,123.0,69.0,-20.0,172.0,0.993,1.0,0.999,50.0,22.0,24.0
344,23.795,50.0,50.0,50.0,122.0,69.0,-20.0,171.0,0.993,1.0,0.999,50.0,22.0,24.0
345,23.815,50.0,50.0,50.0,122.0,69.0,-20.0,171.0,0.993,1.0,0.999,50.0,22.0,24.0
346,23.825,50.0,50.0,50.0,123.0,69.0,-20.0,172.0,0.993,1.0,0.999,50.0,22.0,24.0
347,23.835,50.0,50.0,50.0,122.0,69.0,-20.0,171.0,0.993,1.0,0.999,50.0,22.0,24.0
348,23.845,50.0,50.0,50.0,123.0,69.0,-20.0,172.0,0.993,1.0,0.999,50.0,22.0,24.0
349,23.855,50.0,50.0,50.0,122.0,69.0,-20.0,171.0,0.993,1.0,0.999,50.0,22.0,24.0
350,23.865,50.0,50.0,50.0,123.0,69.0,-20.0,172.0,0.993,1.0,0.999,50.0,22.0,24.0
351,23.875,50.0,50.0,50.0,122.0,69.0,-20.0,171.0,0.993,1.0,0.999,50.0,22.0,24.0
352,23.885,50.0,50.0,50.0,123.0,69.0,-20.0,172.0,0.993,1.0,0.999,50.0,22.0,24.0
353,23.895,50.0,50.0,50.0,122.0,69.0,-20.0,171.0,0.993,1.0,0.999,50.0,22.0,24.0
354,23.915,50.0,50.0,50.0,122.0,69.0,-20.0,171.0,0.993,1.0,0.999,50.0,22.0,24.0
355,23.925,50.0,50.0,50.0,123.0,69.0,-20.0,172.0,0.993,1.0,0.999,50.0,22.0,24.0
356,23.935,50.0,50.0,50.0,122.0,69.0,-20.0,171.0,0.993,1.0,0.999,50.0,22.0,24.0
357,23.945,50.0,50.0,50.0,123.0,69.0,-20.0,172.0,0.993,1.0,0.999,50.0,22.0,24.0
358,23.955,50.0,50.0,50.0,122.0,69.0,-20.0,171.0,0.993,1.0,0.999,50.0,22.0,24.0
359,23.965,50.0,50.0,50.0,123.0,69.0,-20.0,172.0,0.993,1.0,0.999,50.0,22.0,24.0
360,23.975,50.0,50.0,50.0,122.0,69.0,-20.0,171.0,0.993,1.0,0.999,50.0,22.0,24.0
361,23.985,50.0,50.0,50.0,123.0,69.0,-20.0,172.0,0.993,1.0,0.999,50.0,22.0,24.0
362,23.995,50.0,50.0,50.0,122.0,69.0,-20.0,171.0,0.993,1.0,0.999,50.0,22.0,24.0
363,24.015,50.0,50.0,50.0,122.0,69.0,-20.0,171.0,0.993,0.999,0.999,50.0,22.0,24.0
364,24.025,50.0,50.0,50.0,123.0,69.0,-20.0,172.0,0.993,1.0,0.999,50.0,22.0,24.0
365,24.035,50.0,50.0,50.0,122.0,69.0,-20.0,171.0,0.993,0.999,0.999,50.0,22.0,24.0
366,24.045,50.0,50.0,50.0,123.0,69.0,-20.0,172.0,0.993,1.0,0.999,50.0,22.0,24.0
367,24.055,50.0,50.0,50.0,122.0,69.0,-20.0,171.0,0.993,0.999,0.999,50.0,22.0,24.0
368,24.065,50.0,50.0,50.0,123.0,69.0,-20.0,172.0,0.993,1.0,0.999,50.0,22.0,24.0
369,24.075,50.0,50.0,50.0,122.0,69.0,-20.0,171.0,0.993,0.999,0.999,50.0,22.0,24.0
370,24.085,50.0,50.0,50.0,123.0,69.0,-20.0,172.0,0.993,1.0,0.999,50.0,22.0,24.0
371,24.095,50.0,50.0,50.0,122.0,69.0,-20.0,171.0,0.993,0.999,0.999,50.0,22.0,24.0
372,24.115,50.0,50.0,50.0,122.0,69.0,-20.0,171.0,0.993,0.999,0.999,50.0,22.0,24.0
373,24.125,50.0,50.0,50.0,123.0,69.0,-20.0,172.0,0.993,1.0,0.999,50.0,22.0,24.0
374,24.135,50.0,50.0,50.0,122.0,69.0,-20.0,171.0,0.993,0.999,0.999,50.0,22.0,24.0
375,24.145,50.0,50.0,50.0,123.0,69.0,-20.0,172.0,0.993,1.0,0.999,50.0,22.0,24.0
376,24.155,50.0,50.0,50.0,122.0,69.0,-20.0,171.0,0.993,0.999,0.999,50.0,22.0,24.0
377,24.165,50.0,50.0,50.0,123.0,69.0,-20.0,172.0,0.993,1.0,0.999,50.0,22.0,24.0
378,24.175,50.0,50.0,50.0,122.0,69.0,-20.0,171.0,0.993,0.999,0.999,50.0,22.0,24.0
379,24.185,50.0,50.0,50.0,123.0,69.0,-20.0,172.0,0.993,1.0,0.999,50.0,22.0,24.0
380,24.195,50.0,50.0,50.0,122.0,69.0,-20.0,171.0,0.993,0.999,0.999,50.0,22.0,24.0
381,24.215,50.0,50.0,50.0,122.0,69.0,-20.0,171.0,0.993,0.999,0.999,50.0,22.0,24.0
382,24.225,50.0,50.0,50.0,123.0,69.0,-20.0,172.0,0.993,1.0,0.999,50.0,22.0,24.0
383,24.235,50.0,50.0,50.0,122.0,69.0,-20.0,171.0,0.993,0.999,0.999,50.0,22.0,24.0
384,24.245,50.0,50.0,50.0,123.0,69.0,-20.0,172.0,0.993,1.0,0.999,50.0,22.0,24.0
385,24.255,50.0,50.0,50.0,122.0,69.0,-20.0,171.0,0.993,0.999,0.999,50.0,22.0,24.0
386,24.265,50.0,50.0,50.0,123.0,69.0,-20.0,172.0,0.993,1.0,0.999,50.0,22.0,24.0
387,24.275,50.0,50.0,50.0,122.0,69.0,-20.0,171.0,0.993,0.999,0.999,50.0,22.0,24.0
388,24.285,50.0,50.0,50.0,123.0,69.0,-20.0,172.0,0.993,1.0,0.999,50.0,22.0,24.0
389,24.295,50.0,50.0,50.0,122.0,69.0,-20.0,171.0,0.993,0.999,0.999,50.0,22.0,24.0
390,24.315,50.0,50.0,50.0,122.0,69.0,-20.0,171.0,0.993,0.999,0.999,50.0,22.0,24.0
391,24.325,50.0,50.0,50.0,123.0,69.0,-20.0,172.0,0.993,1.0,0.999,50.0,22.0,24.0
392,24.335,50.0,50.0,50.0,122.0,69.0,-20.0,171.0,0.993,0.999,0.999,50.0,22.0,24.0
393,24.345,50.0,50.0,50.0,123.0,69.0,-20.0,172.0,0.993,1.0,0.999,50.0,22.0,24.0
394,24.355,50.0,50.0,50.0,122.0,69.0,-20.0,171.0,0.993,0.999,0.999,50.0,22.0,24.0
395,24.365,50.0,50.0,50.0,123.0,69.0,-20.0,172.0,0.993,1.0,0.999,50.0,22.0,24.0
396,24.375,50.0,50.0,50.0,122.0,69.0,-20.0,171.0,0.993,0.999,0.999,50.0,22.0,24.0
397,24.385,50.0,50.0,50.0,123.0,69.0,-20.0,172.0,0.993,1.0,0.999,50.0,22.0,24.0
398,24.395,50.0,50.0,50.0,122.0,69.0,-20.0,171.0,0.993,0.999,0.999,50.0,22.0,24.0
399,24.415,50.0,50.0,50.0,122.0,69.0,-20.0,171.0,0.993,0.999,0.999,50.0,22.0,24.0
400,24.425,50.0,50.0,50.0,123.0,69.0,-20.0,172.0,0.993,0.999,0.999,50.0,22.0,24.0
401,24.435,50.0,50.0,50.0,122.0,69.0,-20.0,171.0,0.993,0.999,0.999,50.0,22.0,24.0
402,24.445,50.0,50.0,50.0,123.0,69.0,-20.0,172.0,0.993,0.999,0.999,50.0,22.0,24.0
403,24.455,50.0,50.0,50.0,122.0,69.0,-20.0,171.0,0.993,0.999,0.999,50.0,22.0,24.0
404,24.465,50.0,50.0,50.0,123.0,69.0,-20.0,172.0,0.993,0.999,0.999,50.0,22.0,24.0
405,24.475,50.0,50.0,50.0,122.0,69.0,-20.0,171.0,0.993,0.999,0.999,50.0,22.0,24.0
406,24.485,50.0,50.0,50.0,123.0,69.0,-20.0,172.0,0.993,0.999,0.999,50.0,22.0,24.0
407,24.495,50.0,50.0,50.0,122.0,69.0,-20.0,171.0,0.993,0.999,0.999,50.0,22.0,24.0
408,24.514,50.0,50.0,50.0,122.0,69.0,-20.0,171.0,0.994,0.999,0.999,50.0,22.0,24.0
409,24.524,50.0,50.0,50.0,123.0,69.0,-20.0,172.0,0.993,0.999,0.999,50.0,22.0,24.0
410,24.534,50.0,50.0,50.0,122.0,69.0,-20.0,171.0,0.994,0.999,0.999,50.0,22.0,24.0
411,24.544,50.0,50.0,50.0,123.0,69.0,-20.0,172.0,0.993,0.999,0.999,50.0,22.0,24.0
412,24.554,50.0,50.0,50.0,122.0,69.0,-20.0,171.0,0.994,0.999,0.999,50.0,22.0,24.0
413,24.564,50.0,50.0,50.0,123.0,69.0,-20.0,172.0,0.993,0.999,0.999,50.0,22.0,24.0
414,24.574,50.0,50.0,50.0,122.0,69.0,-20.0,171.0,0.994,0.999,0.999,50.0,22.0,24.0
415,24.584,50.0,50.0,50.0,123.0,69.0,-20.0,172.0,0.993,0.999,0.999,50.0,22.0,24.0
416,24.594,50.0,50.0,50.0,122.0,69.0,-20.0,171.0,0.994,0.999,0.999,50.0,22.0,24.0
417,24.614,50.0,50.0,50.0,122.0,69.0,-20.0,171.0,0.994,0.999,0.999,50.0,22.0,24.0
418,24.624,50.0,50.0,50.0,123.0,69.0,-20.0,172.0,0.993,0.999,0.999,50.0,22.0,24.0
419,24.634,50.0,50.0,50.0,122.0,69.0,-20.0,171.0,0.994,0.999,0.999,50.0,22.0,24.0
420,24.644,50.0,50.0,50.0,123.0,69.0,-20.0,172.0,0.993,0.999,0.999,50.0,22.0,24.0
421,24.654,50.0,50.0,50.0,122.0,69.0,-20.0,171.0,0.994,0.999,0.999,50.0,22.0,24.0
422,24.664,50.0,50.0,50.0,123.0,69.0,-20.0,172.0,0.993,0.999,0.999,50.0,22.0,24.0
423,24.674,50.0,50.0,50.0,122.0,69.0,-20.0,171.0,0.994,0.999,0.999,50.0,22.0,24.0
424,24.684,50.0,50.0,50.0,123.0,69.0,-20.0,172.0,0.993,0.999,0.999,50.0,22.0,24.0
425,24.694,50.0,50.0,50.0,122.0,69.0,-20.0,171.0,0.994,0.999,0.999,50.0,22.0,24.0
426,24.714,50.0,50.0,50.0,122.0,69.0,-20.0,171.0,0.994,0.999,0.999,50.0,22.0,24.0
427,24.724,50.0,50.0,50.0,123.0,69.0,-20.0,172.0,0.993,0.999,0.999,50.0,22.0,24.0
428,24.734,50.0,50.0,50.0,122.0,69.0,-20.0,171.0,0.994,0.999,0.999,50.0,22.0,24.0
429,24.744,50.0,50.0,50.0,123.0,69.0,-20.0,172.0,0.993,0.999,0.999,50.0,22.0,24.0
430,24.754,50.0,50.0,50.0,122.0,69.0,-20.0,171.0,0.994,0.999,0.999,50.0,22.0,24.0
431,24.764,50.0,50.0,50.0,123.0,69.0,-20.0,172.0,0.993,0.999,0.999,50.0,22.0,24.0
432,24.774,50.0,50.0,50.0,122.0,69.0,-20.0,171.0,0.994,0.999,0.999,50.0,22.0,24.0
433,24.784,50.0,50.0,50.0,123.0,69.0,-20.0,172.0,0.993,0.999,0.999,50.0,22.0,24.0
434,24.794,50.0,50.0,50.0,122.0,69.0,-20.0,171.0,0.994,0.999,0.999,50.0,22.0,24.0
435,24.814,50.0,50.0,50.0,122.0,69.0,-20.0,171.0,0.994,0.999,0.999,50.0,22.0,24.0
436,24.824,50.0,50.0,50.0,123.0,69.0,-20.0,172.0,0.993,0.999,0.999,50.0,22.0,24.0
437,24.834,50.0,50.0,50.0,122.0,69.0,-20.0,171.0,0.994,0.999,0.999,50.0,22.0,24.0
438,24.844,50.0,50.0,50.0,123.0,69.0,-20.0,172.0,0.993,0.999,0.999,50.0,22.0,24.0
439,24.854,50.0,50.0,50.0,122.0,69.0,-20.0,171.0,0.994,0.999,0.999,50.0,22.0,24.0
440,24.864,50.0,50.0,50.0,123.0,69.0,-20.0,172.0,0.993,0.999,0.999,50.0,22.0,24.0
441,24.874,50.0,50.0,50.0,122.0,69.0,-20.0,171.0,0.994,0.999,0.999,50.0,22.0,24.0
442,24.884,50.0,50.0,50.0,123.0,69.0,-20.0,172.0,0.993,0.999,0.999,50.0,22.0,24.0
443,24.894,50.0,50.0,50.0,122.0,69.0,-20.0,171.0,0.994,0.999,0.999,50.0,22.0,24.0
444,24.914,50.0,50.0,50.0,122.0,69.0,-20.0,171.0,0.994,0.999,0.999,50.0,22.0,24.0
445,24.924,50.0,50.0,50.0,123.0,69.0,-20.0,172.0,0.994,0.999,0.999,50.0,22.0,24.0
446,24.934,50.0,50.0,50.0,122.0,69.0,-20.0,171.0,0.994,0.999,0.999,50.0,22.0,24.0
447,24.944,50.0,50.0,50.0,123.0,69.0,-20.0,172.0,0.994,0.999,0.999,50.0,22.0,24.0
448,24.954,50.0,50.0,50.0,122.0,69.0,-20.0,171.0,0.994,0.999,0.999,50.0,22.0,24.0
449,24.964,50.0,50.0,50.0,123.0,69.0,-20.0,172.0,0.994,0.999,0.999,50.0,22.0,24.0
450,24.974,50.0,50.0,50.0,122.0,69.0,-20.0,171.0,0.994,0.999,0.999,50.0,22.0,24.0
451,24.984,50.0,50.0,50.0,123.0,69.0,-20.0,172.0,0.994,0.999,0.999,50.0,22.0,24.0
452,24.994,50.0,50.0,50.0,122.0,69.0,-20.0,171.0,0.994,0.999,0.999,50.0,22.0,24.0
453,25.014,49.997,49.99,49.996,117.0,73.0,-13.0,177.0,0.993,0.988,0.986,65.0,10.0,17.0
454,25.024,49.997,49.983,49.994,117.0,76.0,-12.0,180.0,0.927,0.997,0.995,65.0,24.0,17.0
455,25.034,49.995,49.977,49.992,134.0,76.0,-13.0,196.0,1.026,1.002,1.004,65.0,29.0,17.0
456,25.044,49.994,49.972,49.991,126.0,75.0,-14.0,187.0,1.014,0.999,1.002,65.0,29.0,17.0
457,25.054,49.992,49.97,49.99,118.0,74.0,-13.0,179.0,0.946,0.995,0.995,76.0,33.0,17.0
458,25.064,49.991,49.97,49.989,127.0,75.0,-12.0,190.0,0.991,0.996,0.993,76.0,33.0,22.0
459,25.074,49.99,49.969,49.989,127.0,75.0,-11.0,191.0,1.013,1.0,0.996,76.0,35.0,22.0
460,25.084,49.989,49.97,49.988,121.0,74.0,-11.0,184.0,0.965,1.0,0.998,76.0,35.0,22.0
461,25.094,49.988,49.971,49.987,125.0,73.0,-11.0,188.0,0.978,0.998,0.998,76.0,35.0,22.0
462,25.114,49.986,49.973,49.986,127.0,74.0,-11.0,189.0,0.99,0.998,0.997,62.0,31.0,17.0
463,25.124,49.985,49.974,49.986,126.0,74.0,-10.0,189.0,0.994,0.999,0.997,62.0,32.0,17.0
464,25.134,49.984,49.975,49.986,123.0,73.0,-10.0,186.0,0.972,0.999,0.997,62.0,34.0,17.0
465,25.144,49.983,49.976,49.985,126.0,73.0,-10.0,189.0,0.982,0.999,0.997,68.0,35.0,17.0
466,25.154,49.982,49.978,49.985,126.0,73.0,-10.0,189.0,0.992,0.999,0.997,72.0,35.0,17.0
467,25.164,49.981,49.979,49.985,124.0,73.0,-10.0,187.0,0.978,0.999,0.997,72.0,35.0,17.0
468,25.174,49.98,49.979,49.985,125.0,73.0,-10.0,188.0,0.979,0.999,0.998,72.0,35.0,17.0
469,25.184,49.979,49.98,49.985,126.0,73.0,-10.0,189.0,0.988,0.999,0.998,72.0,35.0,17.0
470,25.194,49.979,49.98,49.984,124.0,73.0,-10.0,187.0,0.982,0.999,0.998,72.0,35.0,17.0
471,25.214,49.977,49.981,49.984,124.0,73.0,-9.0,187.0,0.98,0.999,0.998,68.0,34.0,15.0
472,25.224,49.977,49.982,49.984,125.0,73.0,-9.0,188.0,0.981,0.999,0.998,68.0,34.0,15.0
473,25.234,49.976,49.982,49.984,125.0,73.0,-9.0,188.0,0.986,0.999,0.998,69.0,34.0,15.0
474,25.244,49.976,49.982,49.984,124.0,73.0,-9.0,188.0,0.982,0.999,0.998,72.0,34.0,15.0
475,25.254,49.975,49.982,49.984,124.0,73.0,-9.0,188.0,0.981,0.999,0.998,73.0,34.0,15.0
476,25.264,49.975,49.982,49.985,125.0,73.0,-9.0,189.0,0.984,0.999,0.998,73.0,34.0,15.0
477,25.274,49.974,49.982,49.985,124.0,73.0,-9.0,188.0,0.983,0.999,0.998,73.0,34.0,15.0
478,25.284,49.974,49.982,49.985,124.0,73.0,-9.0,188.0,0.982,0.999,0.998,73.0,34.0,15.0
479,25.294,49.973,49.982,49.985,124.0,73.0,-9.0,188.0,0.984,0.999,0.998,73.0,34.0,15.0
480,25.314,49.973,49.982,49.985,124.0,73.0,-8.0,188.0,0.985,0.999,0.998,66.0,33.0,13.0
481,25.324,49.972,49.982,49.985,124.0,73.0,-8.0,188.0,0.984,1.0,0.999,66.0,33.0,13.0
482,25.334,49.972,49.982,49.985,124.0,73.0,-8.0,188.0,0.984,0.999,0.999,67.0,33.0,14.0
483,25.344,49.972,49.982,49.985,124.0,73.0,-8.0,188.0,0.985,1.0,0.999,68.0,33.0,14.0
484,25.354,49.972,49.982,49.985,124.0,72.0,-8.0,188.0,0.985,1.0,0.999,69.0,33.0,14.0
485,25.364,49.972,49.982,49.985,124.0,72.0,-8.0,188.0,0.984,1.0,0.999,69.0,33.0,14.0
486,25.374,49.971,49.982,49.985,123.0,72.0,-8.0,188.0,0.985,1.0,0.999,69.0,33.0,14.0
487,25.384,49.971,49.982,49.985,124.0,72.0,-8.0,188.0,0.986,1.0,0.999,69.0,33.0,14.0
488,25.394,49.971,49.982,49.985,123.0,72.0,-7.0,188.0,0.986,1.0,0.999,69.0,33.0,14.0
489,25.414,49.971,49.982,49.985,123.0,72.0,-7.0,188.0,0.986,1.0,0.999,60.0,30.0,11.0
490,25.424,49.971,49.982,49.985,123.0,72.0,-7.0,188.0,0.987,1.0,0.999,60.0,30.0,11.0
491,25.434,49.971,49.982,49.985,123.0,72.0,-7.0,188.0,0.987,1.0,0.999,61.0,30.0,11.0
492,25.444,49.971,49.982,49.985,123.0,72.0,-7.0,188.0,0.987,1.0,0.999,62.0,30.0,12.0
493,25.454,49.971,49.982,49.985,123.0,72.0,-7.0,188.0,0.988,1.0,0.999,63.0,30.0,12.0
494,25.464,49.972,49.982,49.985,123.0,72.0,-7.0,188.0,0.988,1.0,0.999,63.0,30.0,12.0
495,25.474,49.972,49.982,49.985,123.0,72.0,-6.0,188.0,0.988,1.0,0.999,63.0,30.0,12.0
496,25.484,49.972,49.982,49.985,123.0,72.0,-6.0,188.0,0.988,1.0,0.999,63.0,30.0,12.0
497,25.494,49.972,49.982,49.985,123.0,72.0,-6.0,188.0,0.989,1.0,0.999,63.0,30.0,12.0
498,25.514,49.972,49.982,49.986,122.0,72.0,-6.0,188.0,0.99,1.0,0.999,53.0,27.0,11.0
499,25.524,49.973,49.982,49.986,123.0,72.0,-6.0,188.0,0.99,1.0,0.999,53.0,27.0,11.0
